date,open,high,low,close,volume,company
2025-01-02,248.65660659999048,248.826433311358,241.55442975303322,243.5821990966797,55740700,Apple
2025-01-03,243.0927276611328,243.91181916074598,241.624340886356,243.0927276611328,40244100,Apple
2025-01-06,244.04168187374515,247.05836939894766,242.93290033169586,244.73092651367188,45045600,Apple
2025-01-07,242.71314361950866,245.28032844029428,241.08494412707995,241.94400024414062,40856000,Apple
2025-01-08,241.65429905026372,243.44234164075266,239.78635773622742,242.43344116210938,37628900,Apple
2025-01-10,239.7463920626497,239.8962364632009,232.74409661721964,236.58987426757812,61710900,Apple
2025-01-13,233.27352322575203,234.41227060505477,229.46771001708314,234.14256286621094,49630700,Apple
2025-01-14,234.49217517741417,235.8606656353981,232.21468051006943,233.02378845214844,39435300,Apple
2025-01-15,234.38230107288462,238.6975638581554,234.17252500331003,237.60874938964844,39832000,Apple
2025-01-16,237.089336348529,237.74859991927732,227.7795647267042,228.00930786132812,71759100,Apple
2025-01-17,231.86506609768284,232.03487756376998,228.22906438809179,229.7274169921875,68488300,Apple
2025-01-21,223.75398423747347,224.17352112887505,219.13906319002535,222.39547729492188,98070400,Apple
2025-01-22,219.54859611049605,223.87384226456615,219.54859611049605,223.58416748046875,64126500,Apple
2025-01-23,224.493183388126,226.78066167492807,222.05586069453574,223.41436767578125,60234800,Apple
2025-01-24,224.53312753788666,225.38220009721186,221.16683361690275,222.5353240966797,54697900,Apple
2025-01-27,223.77396171163917,231.89502211760887,223.73399710835045,229.6075439453125,94863400,Apple
2025-01-28,230.59647127201654,239.9262098046868,230.55650666713984,237.99832153320312,75707600,Apple
2025-01-29,233.86287156365174,239.5965730646729,233.75299176206667,239.0971221923828,45486100,Apple
2025-01-30,238.40787147181928,240.52553823889048,236.94948349745044,237.3290557861328,55658300,Apple
2025-01-31,246.91852728753366,246.91852728753366,233.18362815459494,235.74081420898438,101075100,Apple
2025-02-03,229.73741895869952,231.5753945205246,225.45212191586603,227.75958251953125,73063300,Apple
2025-02-04,227.00041910872287,232.87396618357337,226.40107197135944,232.54432678222656,45067300,Apple
2025-02-05,228.27901582634638,232.4144684638066,228.0193068583431,232.21469116210938,39620300,Apple
2025-02-06,231.0359788855247,233.54323203112875,230.17692277145878,232.9638671875,29925300,Apple
2025-02-07,232.3445476829273,233.74300400322835,227.0104008794231,227.3800048828125,39707200,Apple
2025-02-10,229.57000732421875,230.58999633789062,227.1999969482422,227.64999389648438,33115600,Apple
2025-02-11,228.1999969482422,235.22999572753906,228.1300048828125,232.6199951171875,53718400,Apple
2025-02-12,231.1999969482422,236.9600067138672,230.67999267578125,236.8699951171875,45243300,Apple
2025-02-13,236.91000366210938,242.33999633789062,235.57000732421875,241.52999877929688,53614100,Apple
2025-02-14,241.25,245.5500030517578,240.99000549316406,244.60000610351562,40896200,Apple
2025-02-18,244.14999389648438,245.17999267578125,241.83999633789062,244.47000122070312,48822500,Apple
2025-02-19,244.66000366210938,246.00999450683594,243.16000366210938,244.8699951171875,32204200,Apple
2025-02-20,244.94000244140625,246.77999877929688,244.2899932861328,245.8300018310547,32316900,Apple
2025-02-21,245.9499969482422,248.69000244140625,245.22000122070312,245.5500030517578,53197400,Apple
2025-02-24,244.92999267578125,248.86000061035156,244.4199981689453,247.10000610351562,51326400,Apple
2025-02-25,248.0,250.0,244.91000366210938,247.0399932861328,48013300,Apple
2025-02-26,244.3300018310547,244.97999572753906,239.1300048828125,240.36000061035156,44433600,Apple
2025-02-27,239.41000366210938,242.4600067138672,237.05999755859375,237.3000030517578,41153600,Apple
2025-02-28,236.9499969482422,242.08999633789062,230.1999969482422,241.83999633789062,56833400,Apple
2025-03-03,241.7899932861328,244.02999877929688,236.11000061035156,238.02999877929688,47184000,Apple
2025-03-04,237.7100067138672,240.07000732421875,234.67999267578125,235.92999267578125,53798100,Apple
2025-03-05,235.4199981689453,236.5500030517578,229.22999572753906,235.74000549316406,47227600,Apple
2025-03-06,234.44000244140625,237.86000061035156,233.16000366210938,235.3300018310547,45170400,Apple
2025-03-07,235.11000061035156,241.3699951171875,234.75999450683594,239.07000732421875,46273600,Apple
2025-03-10,235.5399932861328,236.16000366210938,224.22000122070312,227.47999572753906,72071200,Apple
2025-03-11,223.80999755859375,225.83999633789062,217.4499969482422,220.83999633789062,76137400,Apple
2025-03-12,220.13999938964844,221.75,214.91000366210938,216.97999572753906,62547500,Apple
2025-03-13,215.9499969482422,216.83999633789062,208.4199981689453,209.67999267578125,61368300,Apple
2025-03-14,211.25,213.9499969482422,209.5800018310547,213.49000549316406,60107600,Apple
2025-03-17,213.30999755859375,215.22000122070312,209.97000122070312,214.0,48073400,Apple
2025-03-18,214.16000366210938,215.14999389648438,211.49000549316406,212.69000244140625,42432400,Apple
2025-03-19,214.22000122070312,218.75999450683594,213.75,215.24000549316406,54385400,Apple
2025-03-20,213.99000549316406,217.49000549316406,212.22000122070312,214.10000610351562,48862900,Apple
2025-03-21,211.55999755859375,218.83999633789062,211.27999877929688,218.27000427246094,94127800,Apple
2025-03-24,221.0,221.47999572753906,218.5800018310547,220.72999572753906,44299500,Apple
2025-03-25,220.77000427246094,224.10000610351562,220.0800018310547,223.75,34493600,Apple
2025-03-26,223.50999450683594,225.02000427246094,220.47000122070312,221.52999877929688,34466100,Apple
2025-03-27,221.38999938964844,224.99000549316406,220.55999755859375,223.85000610351562,37094800,Apple
2025-03-28,221.6699981689453,223.80999755859375,217.67999267578125,217.89999389648438,39818600,Apple
2025-03-31,217.00999450683594,225.6199951171875,216.22999572753906,222.1300048828125,65299300,Apple
2025-04-01,219.80999755859375,223.67999267578125,218.89999389648438,223.19000244140625,36412700,Apple
2025-04-02,221.32000732421875,225.19000244140625,221.02000427246094,223.88999938964844,35905900,Apple
2025-04-03,205.5399932861328,207.49000549316406,201.25,203.19000244140625,103419000,Apple
2025-04-04,193.88999938964844,199.8800048828125,187.33999633789062,188.3800048828125,125910900,Apple
2025-04-07,177.1999969482422,194.14999389648438,174.6199951171875,181.4600067138672,160466300,Apple
2025-04-08,186.6999969482422,190.33999633789062,169.2100067138672,172.4199981689453,120859500,Apple
2025-04-09,171.9499969482422,200.61000061035156,171.88999938964844,198.85000610351562,184395900,Apple
2025-04-10,189.07000732421875,194.77999877929688,183.0,190.4199981689453,121880000,Apple
2025-04-11,186.10000610351562,199.5399932861328,186.05999755859375,198.14999389648438,87435900,Apple
2025-04-14,211.44000244140625,212.94000244140625,201.16000366210938,202.52000427246094,101352900,Apple
2025-04-15,201.86000061035156,203.50999450683594,199.8000030517578,202.13999938964844,51103200,Apple
2025-04-16,198.36000061035156,200.6999969482422,196.02000427246094,198.7657012939453,19803097,Apple
2025-01-02,424.67847521686525,425.2174031564215,414.01985416103116,417.74237060546875,16896500,Microsoft
2025-01-03,420.2373611517797,423.1814700735548,418.7004647827294,422.5028381347656,16662900,Microsoft
2025-01-06,427.1435291929144,433.450889550372,424.6285829292995,426.99383544921875,20573600,Microsoft
2025-01-07,428.1415176926379,429.7882097463078,419.957914728963,421.5247802734375,18139100,Microsoft
2025-01-08,422.61261379874435,426.11559975123726,420.69647292951623,423.7104187011719,15054600,Microsoft
2025-01-10,423.7802594986814,423.86008600637365,414.1894746460312,418.11163330078125,20201100,Microsoft
2025-01-13,414.4090535363967,417.66253969684465,411.4649750549722,416.35516357421875,17604800,Microsoft
2025-01-14,416.9739281792526,418.9000587938386,409.89811945983064,414.8382263183594,16935900,Microsoft
2025-01-15,418.29128437786517,427.29322350331137,417.4329894853562,425.4569091796875,19637800,Microsoft
2025-01-16,427.84212760615685,428.6305247845027,423.5407549144398,423.7303466796875,15300000,Microsoft
2025-01-17,433.22135040368397,433.61058460419247,427.31321381371214,428.1714782714844,26197500,Microsoft
2025-01-21,429.33912735658424,430.03770829379437,424.7483264493822,427.64251708984375,26085700,Microsoft
2025-01-22,436.68440364505375,446.37496460039233,435.1275277712005,445.30712890625,27803800,Microsoft
2025-01-23,441.1155043659929,445.85599903960934,440.61650492666485,445.8160705566406,18389300,Microsoft
2025-01-24,444.2691915941594,445.7562002010948,440.5167060042179,443.17138671875,15549500,Microsoft
2025-01-27,423.16152296669173,434.32913308449037,422.6525337820519,433.6903991699219,35647800,Microsoft
2025-01-28,433.73032267022137,447.4827461239755,430.51676503368185,446.30511474609375,23491700,Microsoft
2025-01-29,445.79611510422404,445.98573732495043,439.51869372032735,441.44482421875,23581400,Microsoft
2025-01-30,417.9319804505241,422.0137922192137,412.33322134699057,414.1595458984375,54586300,Microsoft
2025-01-31,418.141600337115,419.84816997012905,414.0797374049759,414.22943115234375,34223400,Microsoft
2025-02-03,410.7763492208031,414.57872255523336,407.8422300476431,410.09771728515625,25679100,Microsoft
2025-02-04,411.86416676091864,413.09171636714575,408.9200578355856,411.5447998046875,20532100,Microsoft
2025-02-05,411.5248607564065,413.0018796658512,409.5787506797878,412.4629821777344,16316700,Microsoft
2025-02-06,413.1715497090401,417.36315732347487,413.1715497090401,414.9879150390625,16309800,Microsoft
2025-02-07,415.6465973451397,417.8122379259866,407.2833615993766,408.9300537109375,22886800,Microsoft
2025-02-10,412.8821197108573,414.62861779989964,410.0977246861568,411.3951110839844,20817900,Microsoft
2025-02-11,408.8202828688126,411.6645553606299,408.48093644203584,410.6166687011719,18140600,Microsoft
2025-02-12,406.3951110778186,409.92803560329327,403.56079794352274,408.2214660644531,19121700,Microsoft
2025-02-13,406.185550721702,410.17754630619044,405.54681680905935,409.7184753417969,23891700,Microsoft
2025-02-14,406.9739674594389,408.0917213200678,405.06778596420224,407.6126708984375,22758500,Microsoft
2025-02-18,407.18354917543536,409.7783523938356,405.6865508328786,408.8202819824219,21423100,Microsoft
2025-02-19,407.06380569744374,414.6585628844229,406.8342549807474,413.94000244140625,24114200,Microsoft
2025-02-20,415.2900085449219,419.30999755859375,412.5400085449219,416.1300048828125,23508700,Microsoft
2025-02-21,417.3399963378906,418.04998779296875,407.8900146484375,408.2099914550781,27524800,Microsoft
2025-02-24,408.510009765625,409.3699951171875,399.32000732421875,404.0,26443700,Microsoft
2025-02-25,401.1000061035156,401.9200134277344,396.70001220703125,397.8999938964844,29387400,Microsoft
2025-02-26,398.010009765625,403.6000061035156,394.25,399.7300109863281,19619000,Microsoft
2025-02-27,401.2699890136719,405.739990234375,392.1700134277344,392.5299987792969,21127400,Microsoft
2025-02-28,392.6600036621094,397.6300048828125,386.57000732421875,396.989990234375,32845700,Microsoft
2025-03-03,398.82000732421875,398.82000732421875,386.1600036621094,388.489990234375,23007700,Microsoft
2025-03-04,383.3999938964844,392.5799865722656,381.0,388.6099853515625,29342900,Microsoft
2025-03-05,389.3399963378906,401.6700134277344,388.80999755859375,401.0199890136719,23433100,Microsoft
2025-03-06,394.2799987792969,402.1499938964844,392.67999267578125,396.8900146484375,23304600,Microsoft
2025-03-07,392.32000732421875,394.79998779296875,385.5400085449219,393.30999755859375,22034100,Microsoft
2025-03-10,385.8399963378906,386.3999938964844,377.2200012207031,380.1600036621094,32840100,Microsoft
2025-03-11,379.0,386.0,376.9100036621094,380.45001220703125,30380200,Microsoft
2025-03-12,382.95001220703125,385.2200012207031,378.95001220703125,383.2699890136719,24253600,Microsoft
2025-03-13,383.1600036621094,385.32000732421875,377.45001220703125,378.7699890136719,20473000,Microsoft
2025-03-14,379.7799987792969,390.2300109863281,379.510009765625,388.55999755859375,19952800,Microsoft
2025-03-17,386.70001220703125,392.7099914550781,385.57000732421875,388.70001220703125,22474300,Microsoft
2025-03-18,387.07000732421875,387.3699951171875,381.1000061035156,383.5199890136719,19486900,Microsoft
2025-03-19,385.5299987792969,389.67999267578125,384.0,387.82000732421875,19185500,Microsoft
2025-03-20,385.739990234375,391.7900085449219,383.2799987792969,386.8399963378906,18470500,Microsoft
2025-03-21,383.2200012207031,391.739990234375,382.79998779296875,391.260009765625,39675900,Microsoft
2025-03-24,395.3999938964844,395.3999938964844,389.80999755859375,393.0799865722656,21004500,Microsoft
2025-03-25,393.9200134277344,396.3599853515625,392.6400146484375,395.1600036621094,15775000,Microsoft
2025-03-26,395.0,395.30999755859375,388.57000732421875,389.9700012207031,16108400,Microsoft
2025-03-27,390.1300048828125,392.239990234375,387.3999938964844,390.5799865722656,13766800,Microsoft
2025-03-28,388.0799865722656,389.1300048828125,376.92999267578125,378.79998779296875,21632000,Microsoft
2025-03-31,372.5400085449219,377.07000732421875,367.239990234375,375.3900146484375,35184700,Microsoft
2025-04-01,374.6499938964844,382.8500061035156,373.2300109863281,382.19000244140625,19689500,Microsoft
2025-04-02,377.9700012207031,385.0799865722656,376.6199951171875,382.1400146484375,16092600,Microsoft
2025-04-03,374.7900085449219,377.4800109863281,369.3500061035156,373.1099853515625,30198000,Microsoft
2025-04-04,364.1300048828125,374.5899963378906,359.4800109863281,359.8399963378906,49209900,Microsoft
2025-04-07,350.8800048828125,371.0,344.7900085449219,357.8599853515625,50425000,Microsoft
2025-04-08,368.260009765625,373.6499938964844,350.25,354.55999755859375,35868900,Microsoft
2025-04-09,353.5400085449219,393.2300109863281,353.1000061035156,390.489990234375,50199700,Microsoft
2025-04-10,382.05999755859375,383.8999938964844,367.79998779296875,381.3500061035156,38024400,Microsoft
2025-04-11,380.6400146484375,390.04998779296875,378.8900146484375,388.45001220703125,23839200,Microsoft
2025-04-14,393.2200012207031,394.6499938964844,384.2099914550781,387.80999755859375,19251200,Microsoft
2025-04-15,388.510009765625,391.8900146484375,384.1600036621094,385.7300109863281,17165100,Microsoft
2025-04-16,380.4949951171875,381.6099853515625,375.8999938964844,379.92498779296875,5280966,Microsoft
2025-01-02,135.98748671158143,138.8672266066605,134.61761764692358,138.29727172851562,198247200,Nvidia
2025-01-03,139.99711439640743,144.88666393436952,139.71714137538024,144.4567108154297,229322500,Nvidia
2025-01-06,148.57632545203526,152.14600432101588,147.80640728049391,149.41624450683594,265377400,Nvidia
2025-01-07,153.0159191493047,153.1159160516902,139.99711279126652,140.12710571289062,351782200,Nvidia
2025-01-08,142.5668963792699,143.9367655713296,137.5473535279277,140.0971221923828,227349900,Nvidia
2025-01-10,137.43735839735214,139.90713250101766,134.20765966847648,135.8975067138672,207602500,Nvidia
2025-01-13,129.97805065881337,133.47772877314173,129.49808381781634,133.21774291992188,204808900,Nvidia
2025-01-14,136.0374931021696,136.3674645891877,130.03804480886453,131.7478790283203,195590500,Nvidia
2025-01-15,133.63770458598145,136.43745017340345,131.277920981104,136.22747802734375,185217300,Nvidia
2025-01-16,138.6272498193542,138.73724031386243,133.47772952507327,133.55772399902344,209235600,Nvidia
2025-01-17,136.67743145335606,138.48726255165812,135.44754884500142,137.6973419189453,201188800,Nvidia
2025-01-21,139.14720257048143,141.8169551308445,137.07738566270945,140.81704711914062,197749000,Nvidia
2025-01-22,144.64670591256592,147.77640781491758,143.65679142482674,147.05648803710938,237651400,Nvidia
2025-01-23,145.03666800279981,147.2164602628041,143.706788444335,147.2064666748047,155915500,Nvidia
2025-01-24,148.35634349735062,148.95629439391405,141.86695041120194,142.60687255859375,234657600,Nvidia
2025-01-27,124.78852130861458,128.3881809500624,116.68926041493282,118.40910339355469,818830900,Nvidia
2025-01-28,121.79880142784785,128.9881430022562,116.23931491482392,128.9781494140625,579666400,Nvidia
2025-01-29,126.48836708502724,126.87833061040895,120.03896327722832,123.6886215209961,467120600,Nvidia
2025-01-30,123.08867408422283,124.9885008224628,118.08913405132431,124.63853454589844,392925500,Nvidia
2025-01-31,123.76861793270326,127.83824341487099,119.1790436181177,120.0589599609375,390372900,Nvidia
2025-02-03,114.7394486968032,118.55909714130068,112.99961082645434,116.64927673339844,371235700,Nvidia
2025-02-04,116.94924444838958,121.1888524384042,116.68926621972048,118.63909149169922,256550000,Nvidia
2025-02-05,121.74880228526035,124.98850212428793,120.74889426826606,124.81851959228516,262230800,Nvidia
2025-02-06,127.40827329026631,128.7581551695,125.19847756454047,128.66815185546875,251483600,Nvidia
2025-02-07,129.20811063964976,130.35799871586244,124.9884977355082,129.8280487060547,228186300,Nvidia
2025-02-10,130.0780330404282,134.98758517024453,129.94805537047182,133.55772399902344,216989100,Nvidia
2025-02-11,132.56781502240796,134.4676342706669,131.0079608594355,132.7877960205078,178902400,Nvidia
2025-02-12,130.00805277951918,132.22784993678553,129.0681367435288,131.12794494628906,160278600,Nvidia
2025-02-13,131.54790450828392,136.487452862588,131.15794096754342,135.27755737304688,197430000,Nvidia
2025-02-14,136.46744211776974,139.23719160158925,135.4875365315285,138.8372344970703,195479600,Nvidia
2025-02-18,141.25701494818574,143.4268135927519,137.91731045487123,139.38717651367188,219176600,Nvidia
2025-02-19,139.49716663707372,141.34700263351252,137.2073839146051,139.21719360351562,167536000,Nvidia
2025-02-20,140.01712771481476,140.6470746897965,136.7774200315485,140.0971221923828,143903600,Nvidia
2025-02-21,140.02711787829398,141.4470007486669,134.01767593596887,134.41763305664062,228217600,Nvidia
2025-02-24,136.5474420161462,138.57725415414035,130.06804206967678,130.2680206298828,251381100,Nvidia
2025-02-25,129.96804527013506,130.18802626376245,124.42856133510212,126.61835479736328,271428700,Nvidia
2025-02-26,129.97805439122038,133.71770077604796,128.478192299153,131.26792907714844,322553800,Nvidia
2025-02-27,134.9875872324259,134.99758082030266,119.99896764539281,120.13895416259766,443175800,Nvidia
2025-02-28,118.00914142194866,125.07849083366686,116.38929530836823,124.90850830078125,389091100,Nvidia
2025-03-03,123.49864257535764,123.68861991301428,112.26967207329028,114.04950714111328,411381400,Nvidia
2025-03-04,110.63982667322061,119.29902637351395,110.09987541363249,115.97933197021484,398163300,Nvidia
2025-03-05,117.56918811598004,118.26912068620358,114.49947076595478,117.28921508789062,284337900,Nvidia
2025-03-06,113.51955654224739,115.3393888375433,110.209863429875,110.55982971191406,321181900,Nvidia
2025-03-07,111.2397716760376,113.46957000648335,107.5501084934214,112.67964172363281,341755500,Nvidia
2025-03-10,109.88989097369002,111.83970852661247,105.45029700249104,106.97016143798828,366487400,Nvidia
2025-03-11,106.98015850635034,112.22967568900775,104.76036144852146,108.75,354865700,Nvidia
2025-03-12,114.12000274658203,116.76000213623047,112.87999725341797,115.73999786376953,323857500,Nvidia
2025-03-13,117.02999877929688,117.76000213623047,113.79000091552734,115.58000183105469,299033100,Nvidia
2025-03-14,118.61000061035156,121.87999725341797,118.1500015258789,121.66999816894531,277593500,Nvidia
2025-03-17,122.73999786376953,122.88999938964844,118.02999877929688,119.52999877929688,255501500,Nvidia
2025-03-18,118.0,119.0199966430664,114.54000091552734,115.43000030517578,299686900,Nvidia
2025-03-19,117.2699966430664,120.44999694824219,115.68000030517578,117.5199966430664,273426200,Nvidia
2025-03-20,116.55000305175781,120.19999694824219,116.47000122070312,118.52999877929688,248829700,Nvidia
2025-03-21,116.94000244140625,117.98999786376953,115.41999816894531,117.69999694824219,266498500,Nvidia
2025-03-24,119.87999725341797,122.22000122070312,119.33999633789062,121.41000366210938,228452500,Nvidia
2025-03-25,120.55000305175781,121.29000091552734,118.91999816894531,120.69000244140625,167447200,Nvidia
2025-03-26,118.7300033569336,118.83999633789062,112.70999908447266,113.76000213623047,293463300,Nvidia
2025-03-27,111.3499984741211,114.44999694824219,110.66000366210938,111.43000030517578,236902100,Nvidia
2025-03-28,111.48999786376953,112.87000274658203,109.06999969482422,109.66999816894531,229872500,Nvidia
2025-03-31,105.12999725341797,110.95999908447266,103.6500015258789,108.37999725341797,299212700,Nvidia
2025-04-01,108.5199966430664,110.19999694824219,106.47000122070312,110.1500015258789,222614000,Nvidia
2025-04-02,107.29000091552734,111.9800033569336,106.79000091552734,110.41999816894531,220601200,Nvidia
2025-04-03,103.51000213623047,105.62999725341797,101.5999984741211,101.80000305175781,338769400,Nvidia
2025-04-04,98.91000366210938,100.12999725341797,92.11000061035156,94.30999755859375,532273800,Nvidia
2025-04-07,87.45999908447266,101.75,86.62000274658203,97.63999938964844,611041300,Nvidia
2025-04-08,103.80999755859375,105.8499984741211,94.45999908447266,96.30000305175781,476243400,Nvidia
2025-04-09,98.88999938964844,115.0999984741211,97.52999877929688,114.33000183105469,612918300,Nvidia
2025-04-10,109.37000274658203,110.86000061035156,99.1500015258789,107.56999969482422,437812400,Nvidia
2025-04-11,108.5,111.55000305175781,107.4800033569336,110.93000030517578,313417300,Nvidia
2025-04-14,114.11000061035156,114.29000091552734,109.06999969482422,110.70999908447266,264705000,Nvidia
2025-04-15,110.97000122070312,113.62000274658203,110.5,112.19999694824219,221749000,Nvidia
2025-04-16,104.55000305175781,106.79000091552734,103.80000305175781,105.34500122070312,145118560,Nvidia
2025-01-02,190.43067970164262,191.7791328258186,187.2843094002135,189.2120819091797,20370800,Google
2025-01-03,191.14985143368122,192.9877463613902,189.76145103861666,191.56936645507812,18596200,Google
2025-01-06,193.75684931380115,197.99197728329852,193.6270092243641,196.64352416992188,29563600,Google
2025-01-07,196.8832529983184,200.7687774852745,194.37614589069548,195.26512145996094,26487200,Google
2025-01-08,192.3484808074723,196.06418741382137,192.1586969389352,193.7268829345703,24864800,Google
2025-01-10,194.07648645979594,196.29393386115163,190.09107094303815,191.81907653808594,26665200,Google
2025-01-13,189.8513620671916,190.96007055747594,187.14447278422705,190.79026794433594,21823700,Google
2025-01-14,191.02000242961614,191.75914137705388,188.0933651847724,189.4418182373047,17174900,Google
2025-01-15,192.8678659974796,196.1341084636535,191.6392852545324,195.32504272460938,21776000,Google
2025-01-16,193.91666057341888,195.2551153784116,192.58818877757312,192.68807983398438,17815400,Google
2025-01-17,196.3039099407615,197.00310160992169,193.52710928235737,195.77452087402344,27735100,Google
2025-01-21,198.84100497169504,202.05728678766425,197.6423732117847,197.82217407226562,29971300,Google
2025-01-22,198.83100862292844,200.24937329507208,197.30276987978317,198.1417999267578,26200600,Google
2025-01-23,197.91206263871854,200.06958147081755,194.97544232412307,197.7522430419922,26951400,Google
2025-01-24,197.87211722888603,200.66888399183227,197.77222616967978,199.9796905517578,23877500,Google
2025-01-27,192.18865606918456,196.65351502081776,190.5105808080997,191.58934020996094,41728900,Google
2025-01-28,192.52826307792662,195.2551182563093,190.4606370613745,195.07533264160156,24157900,Google
2025-01-29,195.33503253066368,196.5636133163606,193.20747792712066,195.18521118164062,18218300,Google
2025-01-30,197.7722225159478,201.16830508891937,197.44260031613962,200.638916015625,24354700,Google
2025-01-31,201.76762828746982,205.24362078448016,201.56786140671954,203.78530883789062,32042000,Google
2025-02-03,200.45913255035472,203.5156099470352,199.8698149328218,200.99850463867188,27838300,Google
2025-02-04,203.15602747619252,206.81182081300247,202.57669285659674,206.14259338378906,43856400,Google
2025-02-05,190.85021363044225,192.52827375908595,187.81370210065404,191.1099090576172,70373900,Google
2025-02-06,189.28200260132084,191.87901770448227,188.50290111861952,191.3795928955078,29297400,Google
2025-02-07,190.83022332592188,190.9600634127379,183.02921021692137,185.1267852783203,49315000,Google
2025-02-10,187.1344857224474,187.98349876976383,185.64619427540677,186.2554931640625,23105600,Google
2025-02-11,184.81715184499055,186.72495835838524,184.06801459806726,185.10682678222656,21239500,Google
2025-02-12,183.0092376906385,184.8970629566076,181.62083725948915,183.39878845214844,22072600,Google
2025-02-13,184.10797436946572,186.06571114375504,182.9293238598035,185.92587280273438,21402500,Google
2025-02-14,184.8471041355986,186.1855589387927,184.1079651875959,185.01690673828125,20448400,Google
2025-02-18,185.386490331916,185.74607679460826,181.5309302979739,183.55859375,29916700,Google
2025-02-19,183.8582530360721,185.246653369277,183.3787942547783,185.05686950683594,19549400,Google
2025-02-20,184.58741616756504,185.09682399614678,182.5098070913863,184.34768676757812,20441500,Google
2025-02-21,184.93699793129608,185.12678179449694,178.87398876546825,179.4533233642578,35199200,Google
2025-02-24,181.78064614487357,182.90933584096624,178.68420625509464,179.04379272460938,29854200,Google
2025-02-25,177.8351818432405,178.53438877889693,174.48904471950055,175.21820068359375,41913400,Google
2025-02-26,174.8686155406987,175.87744820035027,171.38262477536554,172.5312957763672,35431300,Google
2025-02-27,173.78985771928288,174.3591940996765,167.746814231894,168.30616760253906,39991000,Google
2025-02-28,168.48594100971005,170.41372863795183,166.5781498819881,170.0841064453125,48130600,Google
2025-03-03,171.7322094406985,173.17055534541237,165.73911166521458,166.81787109375,40770500,Google
2025-03-04,166.04876455679425,173.09064211021553,165.60926829005186,170.72337341308594,45388000,Google
2025-03-05,170.32384453302183,173.58008886593674,168.86551735545183,172.8209686279297,30954900,Google
2025-03-06,170.33381982392953,174.60889486138916,170.30385555544734,172.1517333984375,28302000,Google
2025-03-07,171.06298843219486,174.76872740179581,170.07413701655315,173.66000366210938,27385800,Google
2025-03-10,168.25999450683594,168.4600067138672,163.69000244140625,165.8699951171875,43604000,Google
2025-03-11,164.91000366210938,166.75,161.3699951171875,164.0399932861328,39587400,Google
2025-03-12,166.5800018310547,167.63999938964844,163.52999877929688,167.11000061035156,28372400,Google
2025-03-13,166.0399932861328,166.1300048828125,162.11000061035156,162.75999450683594,31756200,Google
2025-03-14,163.27000427246094,166.49000549316406,162.4499969482422,165.49000549316406,31995900,Google
2025-03-17,165.02999877929688,166.3000030517578,163.6699981689453,164.2899932861328,31184300,Google
2025-03-18,163.67999267578125,164.25,156.72000122070312,160.6699981689453,42074800,Google
2025-03-19,161.75999450683594,165.8699951171875,161.0,163.88999938964844,34275600,Google
2025-03-20,161.57000732421875,164.88999938964844,160.9600067138672,162.8000030517578,28138500,Google
2025-03-21,161.2100067138672,164.24000549316406,160.88999938964844,163.99000549316406,36625800,Google
2025-03-24,167.07000732421875,168.32000732421875,165.13999938964844,167.67999267578125,30879100,Google
2025-03-25,168.97999572753906,170.6300048828125,168.32000732421875,170.55999755859375,24174400,Google
2025-03-26,169.0,169.61000061035156,164.83999633789062,165.05999755859375,28901600,Google
2025-03-27,164.6300048828125,165.4199981689453,162.0,162.24000549316406,24508300,Google
2025-03-28,160.49000549316406,161.82000732421875,153.6300048828125,154.3300018310547,48669300,Google
2025-03-31,153.11000061035156,155.5399932861328,150.66000366210938,154.63999938964844,54603500,Google
2025-04-01,153.6199951171875,158.10000610351562,153.6199951171875,157.07000732421875,30672900,Google
2025-04-02,155.14999389648438,158.41000366210938,154.6999969482422,157.0399932861328,25041700,Google
2025-04-03,151.11000061035156,152.77999877929688,150.38999938964844,150.72000122070312,46883400,Google
2025-04-04,148.00999450683594,151.07000732421875,145.3800048828125,145.60000610351562,62259500,Google
2025-04-07,141.5500030517578,152.85000610351562,140.52999877929688,146.75,76794100,Google
2025-04-08,151.22000122070312,152.24000549316406,143.02999877929688,144.6999969482422,52200200,Google
2025-04-09,144.4199981689453,159.5500030517578,143.91000366210938,158.7100067138672,70406200,Google
2025-04-10,156.5399932861328,157.72000122070312,149.92999267578125,152.82000732421875,48022000,Google
2025-04-11,152.89999389648438,157.6699981689453,152.82000732421875,157.13999938964844,33636200,Google
2025-04-14,160.0,161.72000122070312,157.55999755859375,159.07000732421875,30333000,Google
2025-04-15,159.1300048828125,159.64999389648438,155.2100067138672,156.30999755859375,27485000,Google
2025-04-16,153.00999450683594,155.85499572753906,152.6300048828125,155.81500244140625,7181069,Google
2025-01-02,222.02999877929688,225.14999389648438,218.19000244140625,220.22000122070312,33956600,Amazon
2025-01-03,222.50999450683594,225.36000061035156,221.6199951171875,224.19000244140625,27515600,Amazon
2025-01-06,226.77999877929688,228.83999633789062,224.83999633789062,227.61000061035156,31849800,Amazon
2025-01-07,227.89999389648438,228.3800048828125,221.4600067138672,222.11000061035156,28084200,Amazon
2025-01-08,223.19000244140625,223.52000427246094,220.1999969482422,222.1300048828125,25033300,Amazon
2025-01-10,221.4600067138672,221.7100067138672,216.5,218.94000244140625,36811500,Amazon
2025-01-13,218.05999755859375,219.39999389648438,216.47000122070312,218.4600067138672,27262700,Amazon
2025-01-14,220.44000244140625,221.82000732421875,216.1999969482422,217.75999450683594,24711700,Amazon
2025-01-15,222.8300018310547,223.57000732421875,220.75,223.35000610351562,31291300,Amazon
2025-01-16,224.4199981689453,224.64999389648438,220.30999755859375,220.66000366210938,24757300,Amazon
2025-01-17,225.83999633789062,226.50999450683594,223.0800018310547,225.94000244140625,42370100,Amazon
2025-01-21,228.89999389648438,231.77999877929688,226.94000244140625,230.7100067138672,39951500,Amazon
2025-01-22,232.02000427246094,235.44000244140625,231.19000244140625,235.00999450683594,41448200,Amazon
2025-01-23,234.10000610351562,235.52000427246094,231.50999450683594,235.4199981689453,26404400,Amazon
2025-01-24,234.5,236.39999389648438,232.92999267578125,234.85000610351562,25890700,Amazon
2025-01-27,226.2100067138672,235.61000061035156,225.86000061035156,235.4199981689453,49428300,Amazon
2025-01-28,234.2899932861328,241.77000427246094,233.97999572753906,238.14999389648438,41587200,Amazon
2025-01-29,239.02000427246094,240.38999938964844,236.14999389648438,237.07000732421875,26091700,Amazon
2025-01-30,237.13999938964844,237.9499969482422,232.22000122070312,234.63999938964844,32020700,Amazon
2025-01-31,236.5,240.2899932861328,236.41000366210938,237.67999267578125,36162400,Amazon
2025-02-03,234.05999755859375,239.25,232.89999389648438,237.4199981689453,37285900,Amazon
2025-02-04,239.00999450683594,242.52000427246094,238.02999877929688,242.05999755859375,29713800,Amazon
2025-02-05,237.02000427246094,238.32000732421875,235.1999969482422,236.1699981689453,38727300,Amazon
2025-02-06,238.00999450683594,239.66000366210938,236.00999450683594,238.8300018310547,60897100,Amazon
2025-02-07,232.5,234.80999755859375,228.05999755859375,229.14999389648438,77539300,Amazon
2025-02-10,230.5500030517578,233.9199981689453,229.1999969482422,233.13999938964844,35419900,Amazon
2025-02-11,231.9199981689453,233.44000244140625,230.1300048828125,232.75999450683594,23713700,Amazon
2025-02-12,230.4600067138672,231.17999267578125,228.16000366210938,228.92999267578125,32285200,Amazon
2025-02-13,228.85000610351562,230.4199981689453,227.52000427246094,230.3699951171875,31346500,Amazon
2025-02-14,229.1999969482422,229.88999938964844,227.22999572753906,228.67999267578125,27031100,Amazon
2025-02-18,228.82000732421875,229.3000030517578,223.72000122070312,226.64999389648438,42975100,Amazon
2025-02-19,225.52000427246094,226.8300018310547,223.7100067138672,226.6300048828125,28566700,Amazon
2025-02-20,224.77999877929688,225.1300048828125,221.80999755859375,222.8800048828125,30001700,Amazon
2025-02-21,223.27999877929688,223.30999755859375,214.74000549316406,216.5800018310547,55323900,Amazon
2025-02-24,217.4499969482422,217.72000122070312,212.4199981689453,212.7100067138672,42387600,Amazon
2025-02-25,211.6300048828125,213.33999633789062,204.16000366210938,212.8000030517578,58958000,Amazon
2025-02-26,214.94000244140625,218.16000366210938,213.08999633789062,214.35000610351562,39120600,Amazon
2025-02-27,218.35000610351562,219.97000122070312,208.3699951171875,208.74000549316406,40548600,Amazon
2025-02-28,208.64999389648438,212.6199951171875,206.99000549316406,212.27999877929688,51771700,Amazon
2025-03-03,213.35000610351562,214.00999450683594,202.5500030517578,205.02000427246094,42948400,Amazon
2025-03-04,200.11000061035156,206.8000030517578,197.42999267578125,203.8000030517578,60853100,Amazon
2025-03-05,204.8000030517578,209.97999572753906,203.25999450683594,208.36000061035156,38610100,Amazon
2025-03-06,204.39999389648438,205.77000427246094,198.3000030517578,200.6999969482422,49863800,Amazon
2025-03-07,199.49000549316406,202.27000427246094,192.52999877929688,199.25,59802800,Amazon
2025-03-10,195.60000610351562,196.72999572753906,190.85000610351562,194.5399932861328,62350900,Amazon
2025-03-11,193.89999389648438,200.17999267578125,193.39999389648438,196.58999633789062,54002900,Amazon
2025-03-12,200.72000122070312,201.52000427246094,195.2899932861328,198.88999938964844,43679300,Amazon
2025-03-13,198.1699981689453,198.8800048828125,191.82000732421875,193.88999938964844,41270800,Amazon
2025-03-14,197.41000366210938,198.64999389648438,195.32000732421875,197.9499969482422,38096700,Amazon
2025-03-17,198.77000427246094,199.0,194.32000732421875,195.74000549316406,47341800,Amazon
2025-03-18,192.52000427246094,194.0,189.3800048828125,192.82000732421875,40414900,Amazon
2025-03-19,193.3800048828125,195.97000122070312,191.9600067138672,195.5399932861328,39442900,Amazon
2025-03-20,193.07000732421875,199.32000732421875,192.3000030517578,194.9499969482422,38921100,Amazon
2025-03-21,192.89999389648438,196.99000549316406,192.52000427246094,196.2100067138672,60056900,Amazon
2025-03-24,200.0,203.63999938964844,199.9499969482422,203.25999450683594,41625400,Amazon
2025-03-25,203.60000610351562,206.2100067138672,203.22000122070312,205.7100067138672,31171200,Amazon
2025-03-26,205.83999633789062,206.00999450683594,199.92999267578125,201.1300048828125,32855300,Amazon
2025-03-27,200.88999938964844,203.7899932861328,199.27999877929688,201.36000061035156,27317700,Amazon
2025-03-28,198.4199981689453,199.25999450683594,191.8800048828125,192.72000122070312,52548200,Amazon
2025-03-31,188.19000244140625,191.3300018310547,184.39999389648438,190.25999450683594,63547600,Amazon
2025-04-01,187.86000061035156,193.92999267578125,187.1999969482422,192.1699981689453,41267300,Amazon
2025-04-02,187.66000366210938,198.33999633789062,187.66000366210938,196.00999450683594,53679200,Amazon
2025-04-03,183.0,184.1300048828125,176.9199981689453,178.41000366210938,95553600,Amazon
2025-04-04,167.14999389648438,178.13999938964844,166.0,171.0,123159400,Amazon
2025-04-07,162.0,183.41000366210938,161.3800048828125,175.25999450683594,109327100,Amazon
2025-04-08,185.22999572753906,185.89999389648438,168.57000732421875,170.66000366210938,87710400,Amazon
2025-04-09,172.1199951171875,192.64999389648438,169.92999267578125,191.10000610351562,116804300,Amazon
2025-04-10,185.44000244140625,186.8699951171875,175.85000610351562,181.22000122070312,68302000,Amazon
2025-04-11,179.92999267578125,185.86000061035156,178.0,184.8699951171875,50594300,Amazon
2025-04-14,186.83999633789062,187.44000244140625,179.22999572753906,182.1199951171875,48002500,Amazon
2025-04-15,181.41000366210938,182.35000610351562,177.92999267578125,179.58999633789062,43493000,Amazon
2025-04-16,176.2899932861328,179.0399932861328,175.58999633789062,178.97000122070312,12617999,Amazon
2025-01-02,390.1000061035156,392.7300109863281,373.0400085449219,379.2799987792969,109710700,Tesla
2025-01-03,381.4800109863281,411.8800048828125,379.45001220703125,410.44000244140625,95423300,Tesla
2025-01-06,423.20001220703125,426.42999267578125,401.70001220703125,411.04998779296875,85516500,Tesla
2025-01-07,405.8299865722656,414.3299865722656,390.0,394.3599853515625,75699500,Tesla
2025-01-08,392.95001220703125,402.5,387.3999938964844,394.94000244140625,73038800,Tesla
2025-01-10,391.3999938964844,399.2799987792969,377.2900085449219,394.739990234375,62287300,Tesla
2025-01-13,383.2099914550781,403.7900085449219,380.07000732421875,403.30999755859375,67580500,Tesla
2025-01-14,414.3399963378906,422.6400146484375,394.5400085449219,396.3599853515625,84565000,Tesla
2025-01-15,409.8999938964844,429.79998779296875,405.6600036621094,428.2200012207031,81375500,Tesla
2025-01-16,423.489990234375,424.0,409.1300048828125,413.82000732421875,68335200,Tesla
2025-01-17,421.5,439.739990234375,419.75,426.5,94991400,Tesla
2025-01-21,432.6400146484375,433.20001220703125,406.30999755859375,424.07000732421875,87320900,Tesla
2025-01-22,416.80999755859375,428.0,414.5899963378906,415.1099853515625,60963300,Tesla
2025-01-23,416.05999755859375,420.7300109863281,408.95001220703125,412.3800048828125,50690600,Tesla
2025-01-24,414.45001220703125,418.8800048828125,405.7799987792969,406.5799865722656,56427100,Tesla
2025-01-27,394.79998779296875,406.69000244140625,389.0,397.1499938964844,58125500,Tesla
2025-01-28,396.9100036621094,400.5899963378906,386.5,398.0899963378906,48910700,Tesla
2025-01-29,395.2099914550781,398.5899963378906,384.4800109863281,389.1000061035156,68033600,Tesla
2025-01-30,410.7799987792969,412.5,384.4100036621094,400.2799987792969,98092900,Tesla
2025-01-31,401.5299987792969,419.989990234375,401.3399963378906,404.6000061035156,83568200,Tesla
2025-02-03,386.67999267578125,389.1700134277344,374.3599853515625,383.67999267578125,93732100,Tesla
2025-02-04,382.6300048828125,394.0,381.3999938964844,392.2099914550781,57072200,Tesla
2025-02-05,387.510009765625,388.3900146484375,375.5299987792969,378.1700134277344,57223300,Tesla
2025-02-06,373.0299987792969,375.3999938964844,363.17999267578125,374.32000732421875,77918200,Tesla
2025-02-07,370.19000244140625,380.54998779296875,360.3399963378906,361.6199951171875,70298300,Tesla
2025-02-10,356.2099914550781,362.70001220703125,350.510009765625,350.7300109863281,77514900,Tesla
2025-02-11,345.79998779296875,349.3699951171875,325.1000061035156,328.5,118543400,Tesla
2025-02-12,329.94000244140625,346.3999938964844,329.1199951171875,336.510009765625,105382700,Tesla
2025-02-13,345.0,358.69000244140625,342.8500061035156,355.94000244140625,89441500,Tesla
2025-02-14,360.6199951171875,362.0,347.5,355.8399963378906,68277300,Tesla
2025-02-18,355.010009765625,359.1000061035156,350.0199890136719,354.1099853515625,51631700,Tesla
2025-02-19,354.0,367.3399963378906,353.6700134277344,360.55999755859375,67094400,Tesla
2025-02-20,361.510009765625,362.29998779296875,348.0,354.3999938964844,45965400,Tesla
2025-02-21,353.44000244140625,354.9800109863281,334.4200134277344,337.79998779296875,74058600,Tesla
2025-02-24,338.1400146484375,342.3999938964844,324.70001220703125,330.5299987792969,76052300,Tesla
2025-02-25,327.0199890136719,328.8900146484375,297.25,302.79998779296875,134228800,Tesla
2025-02-26,303.7099914550781,309.0,288.0400085449219,290.79998779296875,100118300,Tesla
2025-02-27,291.1600036621094,297.2300109863281,280.8800048828125,281.95001220703125,101748200,Tesla
2025-02-28,279.5,293.8800048828125,273.6000061035156,292.9800109863281,115697000,Tesla
2025-03-03,300.3399963378906,303.94000244140625,277.29998779296875,284.6499938964844,115551400,Tesla
2025-03-04,270.92999267578125,284.3500061035156,261.8399963378906,272.0400085449219,126706600,Tesla
2025-03-05,272.9200134277344,279.54998779296875,267.7099914550781,279.1000061035156,94042900,Tesla
2025-03-06,272.05999755859375,272.6499938964844,260.0199890136719,263.45001220703125,98451600,Tesla
2025-03-07,259.32000732421875,266.25,250.72999572753906,262.6700134277344,102369600,Tesla
2025-03-10,252.5399932861328,253.3699951171875,220.0,222.14999389648438,189076900,Tesla
2025-03-11,225.30999755859375,237.05999755859375,217.02000427246094,230.5800018310547,174896400,Tesla
2025-03-12,247.22000122070312,251.83999633789062,241.10000610351562,248.08999633789062,142215700,Tesla
2025-03-13,248.1300048828125,248.2899932861328,232.60000610351562,240.67999267578125,114813500,Tesla
2025-03-14,247.30999755859375,251.5800018310547,240.72999572753906,249.97999572753906,100242300,Tesla
2025-03-17,245.05999755859375,245.39999389648438,232.8000030517578,238.00999450683594,111900600,Tesla
2025-03-18,228.16000366210938,230.10000610351562,222.27999877929688,225.30999755859375,111477600,Tesla
2025-03-19,231.61000061035156,241.41000366210938,229.1999969482422,235.86000061035156,111993800,Tesla
2025-03-20,233.35000610351562,238.0,230.0500030517578,236.25999450683594,99028300,Tesla
2025-03-21,234.99000549316406,249.52000427246094,234.5500030517578,248.7100067138672,132728700,Tesla
2025-03-24,258.0799865722656,278.6400146484375,256.3299865722656,278.3900146484375,169079900,Tesla
2025-03-25,283.6000061035156,288.20001220703125,271.2799987792969,288.1400146484375,150361500,Tesla
2025-03-26,282.6600036621094,284.8999938964844,266.510009765625,272.05999755859375,153629800,Tesla
2025-03-27,272.4800109863281,291.8500061035156,271.82000732421875,273.1300048828125,162572100,Tesla
2025-03-28,275.5799865722656,276.1000061035156,260.57000732421875,263.54998779296875,123809400,Tesla
2025-03-31,249.30999755859375,260.55999755859375,243.36000061035156,259.1600036621094,134008900,Tesla
2025-04-01,263.79998779296875,277.45001220703125,259.25,268.4599914550781,146486900,Tesla
2025-04-02,254.60000610351562,284.989990234375,251.27000427246094,282.760009765625,212787800,Tesla
2025-04-03,265.2900085449219,276.29998779296875,261.510009765625,267.2799987792969,136174300,Tesla
2025-04-04,255.3800048828125,261.0,236.0,239.42999267578125,181229400,Tesla
2025-04-07,223.77999877929688,252.0,214.25,233.2899932861328,183453800,Tesla
2025-04-08,245.0,250.44000244140625,217.8000030517578,221.86000061035156,171603500,Tesla
2025-04-09,224.69000244140625,274.69000244140625,223.8800048828125,272.20001220703125,219433400,Tesla
2025-04-10,260.0,262.489990234375,239.3300018310547,252.39999389648438,181722600,Tesla
2025-04-11,251.83999633789062,257.739990234375,241.36000061035156,252.30999755859375,128948100,Tesla
2025-04-14,258.3599853515625,261.79998779296875,245.92999267578125,252.35000610351562,100135200,Tesla
2025-04-15,249.91000366210938,258.75,247.5399932861328,254.11000061035156,79070100,Tesla
2025-04-16,247.69000244140625,250.83999633789062,247.0301055908203,250.75,30411740,Tesla
2025-01-02,589.1957790711948,604.3722793886026,587.2975045360681,598.7073364257812,12682300,Meta
2025-01-03,604.2224186140523,608.9581953145173,595.8798046163633,604.092529296875,11436800,Meta
2025-01-06,611.2861653941472,630.429107364017,605.0816634693568,629.6398315429688,14560800,Meta
2025-01-07,631.1384808399608,631.5380886830453,607.6893121042956,617.3407592773438,12071500,Meta
2025-01-08,612.8547955325016,615.8920714343907,602.2541800285583,610.1771240234375,10085800,Meta
2025-01-10,609.4877870994305,629.3500601048015,596.8090645204555,615.3125610351562,19256600,Meta
2025-01-13,606.5603584516555,608.4286914350151,597.9180835402799,607.789306640625,10785000,Meta
2025-01-14,604.5321917343676,604.9518013433293,588.0268559982835,593.7218017578125,13598000,Meta
2025-01-15,609.6676409065044,621.9067525765506,605.9609165618788,616.5714721679688,15524300,Meta
2025-01-16,610.9564262093133,615.7022038454446,609.1680393269272,610.756591796875,8355300,Meta
2025-01-17,623.4952835439785,624.4144487016482,603.1333939973155,612.225341796875,17280600,Meta
2025-01-21,617.2808256632173,620.9475463117574,608.4686584766922,615.9120483398438,11674000,Meta
2025-01-22,622.745966355468,633.1367466870842,618.8794110911601,622.94580078125,12274000,Meta
2025-01-23,626.8023305338492,636.0341074215171,620.597889576449,635.88427734375,9910200,Meta
2025-01-24,635.8343208926308,651.4204294754496,633.6362643025149,646.9144287109375,19065300,Meta
2025-01-27,626.0530102379722,663.2799006811211,624.5443426754407,659.29345703125,28399200,Meta
2025-01-28,665.4079784595224,681.9732572201489,658.8837538443346,673.7305908203125,20950100,Meta
2025-01-29,674.4000060630054,680.4446161433896,665.0782822378817,675.888671875,21377800,Meta
2025-01-30,696.200621832455,710.1581749857351,675.4990076007216,686.3893432617188,29322900,Meta
2025-01-31,690.3857723381032,704.6730489182394,684.9706072332008,688.5673828125,19331700,Meta
2025-02-03,675.3091937227201,703.3742528890535,674.649807192235,696.840087890625,21415700,Meta
2025-02-04,701.8755866223114,707.0809776947289,690.995251505304,703.5640869140625,13826300,Meta
2025-02-05,702.9246352066622,717.5016936715592,698.3886925528532,704.2434692382812,17778200,Meta
2025-02-06,705.2525623903425,718.2610086889607,702.8746730458445,711.3571166992188,13080700,Meta
2025-02-07,716.162829309228,724.3655534509123,711.1173304150035,713.8848876953125,16427100,Meta
2025-02-10,717.9212711485029,720.558939093694,710.697717393577,716.7623291015625,12904300,Meta
2025-02-11,712.6859358478964,723.0167104534308,709.4088221751414,719.16015625,12998000,Meta
2025-02-12,714.6641723225413,726.4536713486742,711.9665601009159,724.7352294921875,12016500,Meta
2025-02-13,720.8786940316196,728.3520258945355,717.4017457743258,727.9124145507812,12569100,Meta
2025-02-14,725.4945889979003,740.2514192957425,724.9750316832167,736.0151977539062,16901200,Meta
2025-02-18,735.3457711447024,736.3448822468013,705.8120494058986,715.7332153320312,21938700,Meta
2025-02-19,703.4741329865286,706.37157970015,694.7719139390767,703.1444702148438,17535500,Meta
2025-02-20,696.6602457328806,705.0027993686539,693.0234665438812,694.222412109375,12587400,Meta
2025-02-21,695.9608297659651,703.2443277596083,681.7534381597311,682.9423828125,15660400,Meta
2025-02-24,685.6700244492644,686.6591347238324,661.8611888382964,667.5361328125,15677000,Meta
2025-02-25,665.3780306420172,667.406255569748,641.2894751849396,656.9155883789062,20579700,Meta
2025-02-26,659.0636967789872,682.4029186886339,657.4151389833991,673.1011962890625,14488700,Meta
2025-02-27,681.8434098860729,688.0379111520425,656.9855198372225,657.6549072265625,12500000,Meta
2025-02-28,657.4550757218477,669.034800720811,642.0287972080544,667.6060791015625,17534200,Meta
2025-03-03,673.0811570323929,680.6444353602695,650.2614937084818,654.4677124023438,10843800,Meta
2025-03-04,644.9362031172728,649.1724243402481,623.0956495401799,639.4310913085938,21495200,Meta
2025-03-05,640.4302542191028,658.9138106981253,637.09319610967,655.886474609375,13770000,Meta
2025-03-06,647.4239932814962,649.9817152601623,623.5552144493282,627.371826171875,13446500,Meta
2025-03-07,624.8141005363861,634.2257099756501,600.0761000698269,625.1038208007812,21375700,Meta
2025-03-10,607.5294919896663,609.5676566741505,586.3483245399041,597.4584350585938,21999900,Meta
2025-03-11,594.5210719524441,614.3834063038594,592.8026300616355,605.171630859375,17401500,Meta
2025-03-12,629.3401130606143,632.7670568528157,608.8083309497569,619.00927734375,15747000,Meta
2025-03-13,619.6986550441117,619.9484328172048,585.988656544404,590.114990234375,16480300,Meta
2025-03-14,602.7999877929688,608.8599853515625,594.780029296875,607.5999755859375,12364500,Meta
2025-03-17,607.4600219726562,613.0999755859375,598.0,604.9000244140625,15473900,Meta
2025-03-18,600.0499877929688,600.25,574.6599731445312,582.3599853515625,20297700,Meta
2025-03-19,584.280029296875,592.3200073242188,574.77001953125,584.0599975585938,20537500,Meta
2025-03-20,582.760009765625,610.2000122070312,579.510009765625,586.0,24336500,Meta
2025-03-21,583.4199829101562,597.5399780273438,580.9500122070312,596.25,25015900,Meta
2025-03-24,614.969970703125,622.5399780273438,612.2000122070312,618.8499755859375,15741300,Meta
2025-03-25,626.760009765625,633.8800048828125,621.1799926757812,626.3099975585938,15312500,Meta
2025-03-26,624.8900146484375,626.75,606.6099853515625,610.97998046875,12609800,Meta
2025-03-27,602.0,614.25,600.0999755859375,602.5800170898438,10436500,Meta
2025-03-28,600.3099975585938,601.75,573.9199829101562,576.739990234375,17602800,Meta
2025-03-31,563.5,578.7000122070312,553.2999877929688,576.3599853515625,21124700,Meta
2025-04-01,570.8400268554688,589.9099731445312,570.0,586.0,12836600,Meta
2025-04-02,574.9099731445312,592.6599731445312,573.3599853515625,583.9299926757812,13470800,Meta
2025-04-03,546.219970703125,552.5599975585938,530.2999877929688,531.6199951171875,34777500,Meta
2025-04-04,506.6199951171875,518.0,494.20001220703125,504.7300109863281,38589800,Meta
2025-04-07,485.1000061035156,539.3699951171875,481.8999938964844,516.25,36606100,Meta
2025-04-08,543.25,547.4299926757812,502.8599853515625,510.45001220703125,28034200,Meta
2025-04-09,509.2699890136719,587.8900146484375,502.1099853515625,585.77001953125,39216600,Meta
2025-04-10,575.489990234375,581.2999877929688,535.2999877929688,546.2899780273438,28173500,Meta
2025-04-11,535.510009765625,547.4000244140625,528.5900268554688,543.5700073242188,17642300,Meta
2025-04-14,556.1699829101562,557.77001953125,528.280029296875,531.47998046875,14130900,Meta
2025-04-15,532.1099853515625,537.9400024414062,517.5,521.52001953125,15476000,Meta
2025-04-16,508.510009765625,512.5700073242188,506.2099914550781,512.4099731445312,6272681,Meta
2025-01-02,895.5,898.5800170898438,877.0,886.72998046875,2312300,Netflix
2025-01-03,893.1300048828125,898.8300170898438,879.8900146484375,881.0499877929688,2967300,Netflix
2025-01-06,888.760009765625,892.8300170898438,871.6900024414062,881.7899780273438,3457700,Netflix
2025-01-07,879.3800048828125,888.0,869.1099853515625,879.1900024414062,2649800,Netflix
2025-01-08,880.0,886.219970703125,873.0,875.0,2347900,Netflix
2025-01-10,866.4000244140625,866.4099731445312,834.4000244140625,837.6900024414062,4803300,Netflix
2025-01-13,831.530029296875,847.0700073242188,829.1400146484375,840.2899780273438,3024500,Netflix
2025-01-14,843.2000122070312,844.8900146484375,823.52001953125,828.4000244140625,3037700,Netflix
2025-01-15,836.4400024414062,850.8400268554688,830.4099731445312,848.260009765625,3181400,Netflix
2025-01-16,860.9600219726562,868.97998046875,842.02001953125,842.3699951171875,4028500,Netflix
2025-01-17,859.7899780273438,865.0,852.1300048828125,858.0999755859375,3617600,Netflix
2025-01-21,863.530029296875,916.4000244140625,854.75,869.6799926757812,9851400,Netflix
2025-01-22,998.030029296875,999.0,950.760009765625,953.989990234375,14273200,Netflix
2025-01-23,957.8099975585938,985.0,953.9000244140625,984.8599853515625,7752100,Netflix
2025-01-24,984.4099731445312,986.280029296875,967.6799926757812,977.5900268554688,4550400,Netflix
2025-01-27,971.0999755859375,982.27001953125,960.260009765625,971.8900146484375,4634200,Netflix
2025-01-28,966.7100219726562,977.9299926757812,957.2999877929688,971.8300170898438,3434000,Netflix
2025-01-29,980.0,987.6400146484375,968.22998046875,978.1500244140625,2930700,Netflix
2025-01-30,986.75,994.5900268554688,970.010009765625,973.239990234375,3867800,Netflix
2025-01-31,974.0,990.2899780273438,974.0,976.760009765625,3618700,Netflix
2025-02-03,973.0,987.6900024414062,964.3800048828125,978.9400024414062,3724200,Netflix
2025-02-04,980.469970703125,1008.0,978.510009765625,994.8699951171875,6000100,Netflix
2025-02-05,987.72998046875,1011.8300170898438,986.6799926757812,1011.1099853515625,3993400,Netflix
2025-02-06,1007.8699951171875,1016.3499755859375,1002.6099853515625,1015.6799926757812,3134300,Netflix
2025-02-07,1017.0,1027.760009765625,1005.6699829101562,1013.9299926757812,3212900,Netflix
2025-02-10,1023.0499877929688,1032.8499755859375,1015.8800048828125,1027.5999755859375,3296600,Netflix
2025-02-11,1020.7899780273438,1022.6900024414062,1002.9500122070312,1008.0800170898438,3331800,Netflix
2025-02-12,1005.489990234375,1027.739990234375,998.3499755859375,1027.31005859375,3389000,Netflix
2025-02-13,1026.6300048828125,1045.989990234375,1025.0999755859375,1043.68994140625,3476100,Netflix
2025-02-14,1044.949951171875,1064.5,1041.68994140625,1058.5999755859375,3145400,Netflix
2025-02-18,1060.0,1062.0,1023.75,1035.8499755859375,4229300,Netflix
2025-02-19,1035.1800537109375,1045.0,1024.510009765625,1043.3299560546875,2600000,Netflix
2025-02-20,1042.0,1045.0,1015.5900268554688,1024.5400390625,3111800,Netflix
2025-02-21,1029.4200439453125,1032.3800048828125,999.3900146484375,1003.1500244140625,3738700,Netflix
2025-02-24,1008.0,1015.1699829101562,984.47998046875,988.469970703125,4426200,Netflix
2025-02-25,989.4000244140625,994.4000244140625,955.0,977.239990234375,4738300,Netflix
2025-02-26,977.5999755859375,1000.8900146484375,976.9000244140625,990.0599975585938,3397200,Netflix
2025-02-27,995.0,1000.72998046875,961.8300170898438,963.0700073242188,3766600,Netflix
2025-02-28,969.5599975585938,982.27001953125,958.1699829101562,980.5599975585938,4717400,Netflix
2025-03-03,983.0,994.9299926757812,964.8099975585938,973.7000122070312,3907400,Netflix
2025-03-04,971.6099853515625,986.3099975585938,948.2100219726562,972.5800170898438,4392800,Netflix
2025-03-05,973.6199951171875,995.5999755859375,969.47998046875,990.9199829101562,3807900,Netflix
2025-03-06,972.989990234375,973.6900024414062,899.0,906.3599853515625,7852600,Netflix
2025-03-07,897.6400146484375,904.8900146484375,858.0700073242188,891.1099853515625,7737500,Netflix
2025-03-10,875.0700073242188,881.27001953125,854.5,866.6799926757812,6995300,Netflix
2025-03-11,867.4099731445312,910.6799926757812,866.0,895.0999755859375,7398900,Netflix
2025-03-12,914.5999755859375,927.1799926757812,901.0,919.6799926757812,6865800,Netflix
2025-03-13,913.0,921.8900146484375,887.510009765625,890.1699829101562,5001700,Netflix
2025-03-14,901.4600219726562,919.6300048828125,901.0,918.0,5200700,Netflix
2025-03-17,939.9500122070312,967.6300048828125,934.4199829101562,950.02001953125,7543100,Netflix
2025-03-18,940.0,948.25,916.2999877929688,929.97998046875,6009400,Netflix
2025-03-19,935.77001953125,968.0,924.0,959.489990234375,6662400,Netflix
2025-03-20,950.010009765625,967.0,945.5,950.8400268554688,4466300,Netflix
2025-03-21,941.6400146484375,963.6500244140625,940.9500122070312,960.2899780273438,5905400,Netflix
2025-03-24,969.6699829101562,977.0,951.5499877929688,971.989990234375,4677900,Netflix
2025-03-25,978.1799926757812,998.7000122070312,977.1099853515625,997.280029296875,3782200,Netflix
2025-03-26,993.8099975585938,996.7899780273438,966.3200073242188,970.6500244140625,3527400,Netflix
2025-03-27,974.219970703125,989.0,966.3699951171875,976.719970703125,3047200,Netflix
2025-03-28,972.0,974.97998046875,929.22998046875,933.8499755859375,4422700,Netflix
2025-03-31,920.530029296875,934.47998046875,900.5900268554688,932.530029296875,4634100,Netflix
2025-04-01,927.5,932.2899780273438,911.5,928.3800048828125,3520000,Netflix
2025-04-02,923.0,949.5499877929688,916.1099853515625,935.52001953125,3256900,Netflix
2025-04-03,901.7999877929688,946.5900268554688,900.469970703125,917.0499877929688,5864600,Netflix
2025-04-04,896.5,906.6300048828125,853.8699951171875,855.8599853515625,6798800,Netflix
2025-04-07,827.8499755859375,906.739990234375,821.0999755859375,867.8300170898438,6656800,Netflix
2025-04-08,912.4400024414062,922.4199829101562,857.7000122070312,870.4000244140625,5625400,Netflix
2025-04-09,855.9299926757812,951.4299926757812,854.4000244140625,945.469970703125,7498000,Netflix
2025-04-10,931.9400024414062,941.239990234375,894.0,921.1699829101562,5129800,Netflix
2025-04-11,920.0,944.8599853515625,906.6799926757812,918.2899780273438,4073600,Netflix
2025-04-14,932.7000122070312,948.97998046875,919.5,931.280029296875,4035900,Netflix
2025-04-15,950.0,993.4500122070312,948.0,976.280029296875,7688100,Netflix
2025-04-16,976.280029296875,981.2100219726562,961.0,979.3200073242188,2149217,Netflix
2025-01-02,20.229999542236328,20.43000030517578,20.0,20.219999313354492,46438500,Intel
2025-01-03,20.389999389648438,20.670000076293945,20.059999465942383,20.559999465942383,48983900,Intel
2025-01-06,20.829999923706055,20.979999542236328,19.780000686645508,19.8700008392334,83271000,Intel
2025-01-07,20.020000457763672,20.34000015258789,19.899999618530273,20.010000228881836,61726100,Intel
2025-01-08,19.829999923706055,20.1200008392334,19.709999084472656,19.8799991607666,47897100,Intel
2025-01-10,19.65999984741211,19.65999984741211,18.90999984741211,19.149999618530273,71244600,Intel
2025-01-13,18.920000076293945,19.25,18.729999542236328,19.200000762939453,50669000,Intel
2025-01-14,19.360000610351562,19.520000457763672,18.81999969482422,19.200000762939453,47147500,Intel
2025-01-15,19.399999618530273,19.770000457763672,19.170000076293945,19.719999313354492,56306000,Intel
2025-01-16,19.75,19.950000762939453,19.399999618530273,19.670000076293945,44898100,Intel
2025-01-17,21.260000228881836,21.6200008392334,20.790000915527344,21.489999771118164,166483900,Intel
2025-01-21,22.030000686645508,22.40999984741211,21.75,21.770000457763672,96262200,Intel
2025-01-22,21.729999542236328,22.290000915527344,21.56999969482422,21.860000610351562,60972600,Intel
2025-01-23,21.690000534057617,21.75,21.350000381469727,21.56999969482422,55778200,Intel
2025-01-24,21.360000610351562,21.40999984741211,20.75,20.829999923706055,66300600,Intel
2025-01-27,20.809999465942383,21.059999465942383,20.139999389648438,20.290000915527344,83582100,Intel
2025-01-28,20.34000015258789,20.34000015258789,19.739999771118164,19.799999237060547,73411400,Intel
2025-01-29,19.8700008392334,20.079999923706055,19.65999984741211,19.75,86506800,Intel
2025-01-30,19.719999313354492,20.100000381469727,19.43000030517578,20.010000228881836,108167000,Intel
2025-01-31,20.100000381469727,20.329999923706055,19.3799991607666,19.43000030517578,117474900,Intel
2025-02-03,18.969999313354492,19.75,18.780000686645508,19.3799991607666,77523100,Intel
2025-02-04,19.100000381469727,19.530000686645508,19.020000457763672,19.290000915527344,54098200,Intel
2025-02-05,19.190000534057617,19.770000457763672,18.90999984741211,19.649999618530273,66059200,Intel
2025-02-06,19.510000228881836,19.700000762939453,19.219999313354492,19.3799991607666,45553800,Intel
2025-02-07,19.350000381469727,19.360000610351562,19.030000686645508,19.100000381469727,58277900,Intel
2025-02-10,19.25,20.079999923706055,19.239999771118164,19.770000457763672,73007300,Intel
2025-02-11,19.8700008392334,21.8799991607666,19.860000610351562,20.969999313354492,150960700,Intel
2025-02-12,21.979999542236328,22.559999465942383,20.93000030517578,22.479999542236328,162631200,Intel
2025-02-13,22.84000015258789,24.829999923706055,22.790000915527344,24.1299991607666,248661300,Intel
2025-02-14,24.360000610351562,25.190000534057617,22.860000610351562,23.600000381469727,230254100,Intel
2025-02-18,24.600000381469727,27.549999237060547,24.489999771118164,27.389999389648438,284292200,Intel
2025-02-19,25.979999542236328,26.329999923706055,25.459999084472656,25.719999313354492,151881700,Intel
2025-02-20,25.559999465942383,26.1200008392334,24.479999542236328,26.09000015258789,144939600,Intel
2025-02-21,25.959999084472656,26.290000915527344,24.84000015258789,24.8700008392334,111630900,Intel
2025-02-24,24.549999237060547,24.799999237060547,23.6200008392334,24.270000457763672,91358100,Intel
2025-02-25,24.209999084472656,24.280000686645508,22.770000457763672,22.989999771118164,88886500,Intel
2025-02-26,23.25,23.81999969482422,23.209999084472656,23.520000457763672,67449300,Intel
2025-02-27,23.700000762939453,24.399999618530273,23.06999969482422,23.09000015258789,97871900,Intel
2025-02-28,23.020000457763672,24.440000534057617,22.639999389648438,23.729999542236328,104133800,Intel
2025-03-03,25.0,25.040000915527344,22.520000457763672,22.739999771118164,141348700,Intel
2025-03-04,22.540000915527344,22.6299991607666,20.760000228881836,21.329999923706055,152182200,Intel
2025-03-05,21.329999923706055,21.360000610351562,20.18000030517578,20.809999465942383,127219300,Intel
2025-03-06,20.260000228881836,21.1299991607666,20.0,20.75,96466400,Intel
2025-03-07,20.270000457763672,21.200000762939453,20.110000610351562,20.639999389648438,81099600,Intel
2025-03-10,20.239999771118164,20.510000228881836,19.649999618530273,19.93000030517578,82760600,Intel
2025-03-11,19.969999313354492,20.059999465942383,19.290000915527344,19.780000686645508,80789000,Intel
2025-03-12,20.790000915527344,21.170000076293945,20.209999084472656,20.68000030517578,128671100,Intel
2025-03-13,23.5,24.530000686645508,23.1299991607666,23.700000762939453,243261000,Intel
2025-03-14,23.68000030517578,24.3700008392334,23.520000457763672,24.049999237060547,116901600,Intel
2025-03-17,24.420000076293945,26.149999618530273,24.3700008392334,25.690000534057617,160723600,Intel
2025-03-18,25.549999237060547,26.40999984741211,25.389999389648438,25.920000076293945,132488800,Intel
2025-03-19,24.899999618530273,25.229999542236328,24.030000686645508,24.1200008392334,135491400,Intel
2025-03-20,23.770000457763672,24.309999465942383,23.729999542236328,23.959999084472656,68937600,Intel
2025-03-21,23.600000381469727,24.700000762939453,23.489999771118164,24.260000228881836,94110700,Intel
2025-03-24,24.719999313354492,24.989999771118164,24.1299991607666,24.219999313354492,69169000,Intel
2025-03-25,24.18000030517578,24.75,24.110000610351562,24.200000762939453,51743300,Intel
2025-03-26,24.25,24.420000076293945,23.25,23.420000076293945,59496700,Intel
2025-03-27,23.290000915527344,23.760000228881836,22.860000610351562,23.6200008392334,57720600,Intel
2025-03-28,23.350000381469727,23.579999923706055,22.559999465942383,22.709999084472656,58365300,Intel
2025-03-31,22.3799991607666,22.75,21.75,22.709999084472656,65832000,Intel
2025-04-01,22.559999465942383,22.6200008392334,21.65999984741211,22.049999237060547,64060400,Intel
2025-04-02,21.889999389648438,22.3799991607666,21.700000762939453,21.979999542236328,58878800,Intel
2025-04-03,21.399999618530273,23.899999618530273,20.860000610351562,22.43000030517578,242972100,Intel
2025-04-04,21.700000762939453,22.200000762939453,19.700000762939453,19.850000381469727,175014700,Intel
2025-04-07,19.139999389648438,20.670000076293945,18.559999465942383,19.56999969482422,142491200,Intel
2025-04-08,20.059999465942383,20.389999389648438,17.670000076293945,18.1299991607666,163982700,Intel
2025-04-09,18.06999969482422,21.729999542236328,17.979999542236328,21.530000686645508,224183500,Intel
2025-04-10,20.68000030517578,20.81999969482422,19.15999984741211,19.8799991607666,129064900,Intel
2025-04-11,19.25,19.799999237060547,18.18000030517578,19.739999771118164,128425800,Intel
2025-04-14,20.59000015258789,21.049999237060547,19.979999542236328,20.309999465942383,101964400,Intel
2025-04-15,20.200000762939453,20.469999313354492,19.809999465942383,19.850000381469727,63538100,Intel
2025-04-16,19.302000045776367,19.420000076293945,19.100000381469727,19.40999984741211,24187836,Intel
2025-01-02,52700.0,53600.0,52300.0,53400.0,16630538,Samsung
2025-01-03,52800.0,55100.0,52800.0,54400.0,19318046,Samsung
2025-01-06,54400.0,56200.0,54300.0,55900.0,19034284,Samsung
2025-01-07,56800.0,57300.0,55400.0,55400.0,17030235,Samsung
2025-01-08,54800.0,57500.0,54700.0,57300.0,26593553,Samsung
2025-01-09,57600.0,57700.0,56100.0,56100.0,24490592,Samsung
2025-01-10,56100.0,56500.0,55200.0,55300.0,16059223,Samsung
2025-01-13,54600.0,55000.0,54100.0,54100.0,16868600,Samsung
2025-01-14,54200.0,54600.0,53700.0,53900.0,17465926,Samsung
2025-01-15,54100.0,54700.0,53500.0,53700.0,18625025,Samsung
2025-01-16,54200.0,55000.0,54100.0,54300.0,18627298,Samsung
2025-01-17,53800.0,54100.0,53200.0,53700.0,18805344,Samsung
2025-01-20,53600.0,53900.0,53300.0,53400.0,11822531,Samsung
2025-01-21,53700.0,54300.0,53300.0,53500.0,13535702,Samsung
2025-01-22,53400.0,54400.0,53100.0,54300.0,18341991,Samsung
2025-01-23,53700.0,54100.0,53500.0,53700.0,15588067,Samsung
2025-01-24,53600.0,53800.0,53200.0,53700.0,11867631,Samsung
2025-01-31,52200.0,53000.0,51700.0,52400.0,42186279,Samsung
2025-02-03,51100.0,51400.0,50800.0,51000.0,32344897,Samsung
2025-02-04,51600.0,53600.0,51500.0,52700.0,27214851,Samsung
2025-02-05,53600.0,53800.0,52800.0,52900.0,15974885,Samsung
2025-02-06,53400.0,54000.0,53200.0,54000.0,16466025,Samsung
2025-02-07,53900.0,54200.0,53600.0,53700.0,14476866,Samsung
2025-02-10,53000.0,55900.0,52900.0,55600.0,27577591,Samsung
2025-02-11,55500.0,56300.0,55000.0,55700.0,24596196,Samsung
2025-02-12,55100.0,55900.0,54500.0,55800.0,26428596,Samsung
2025-02-13,56100.0,56400.0,55600.0,55800.0,22448377,Samsung
2025-02-14,56000.0,57300.0,56000.0,56000.0,23979779,Samsung
2025-02-17,56100.0,56500.0,55700.0,56000.0,11916027,Samsung
2025-02-18,56200.0,57200.0,55900.0,56900.0,22131007,Samsung
2025-02-19,57400.0,58900.0,57300.0,58700.0,25395151,Samsung
2025-02-20,59100.0,59100.0,58100.0,58400.0,21589059,Samsung
2025-02-21,58400.0,58500.0,57100.0,58200.0,22198428,Samsung
2025-02-24,57300.0,57700.0,57200.0,57300.0,14138471,Samsung
2025-02-25,56600.0,57800.0,56500.0,57200.0,14625181,Samsung
2025-02-26,57000.0,57100.0,56100.0,56600.0,18117091,Samsung
2025-02-27,56500.0,57100.0,56200.0,56300.0,14975356,Samsung
2025-02-28,55400.0,55700.0,54500.0,54500.0,28036698,Samsung
2025-03-04,53900.0,55000.0,53800.0,54500.0,18553933,Samsung
2025-03-05,55100.0,55400.0,54000.0,54000.0,16578817,Samsung
2025-03-06,54100.0,54500.0,54000.0,54300.0,12258101,Samsung
2025-03-07,53500.0,54200.0,53400.0,53700.0,14274992,Samsung
2025-03-10,53500.0,54800.0,53500.0,53700.0,12921670,Samsung
2025-03-11,52500.0,54100.0,52500.0,53600.0,17740891,Samsung
2025-03-12,53800.0,55300.0,53600.0,54900.0,17973221,Samsung
2025-03-13,55800.0,55900.0,54200.0,54700.0,24132151,Samsung
2025-03-14,54500.0,55100.0,54400.0,54700.0,10845154,Samsung
2025-03-17,55500.0,57800.0,55400.0,57600.0,35559021,Samsung
2025-03-18,58800.0,59000.0,57300.0,57600.0,28138594,Samsung
2025-03-19,57400.0,59200.0,57400.0,58500.0,29421759,Samsung
2025-03-20,59200.0,60300.0,58500.0,60200.0,34989004,Samsung
2025-03-21,60900.0,61700.0,60400.0,61700.0,40155612,Samsung
2025-03-24,61200.0,61600.0,60500.0,60500.0,14088094,Samsung
2025-03-25,60900.0,61100.0,59500.0,59800.0,17259455,Samsung
2025-03-26,59800.0,61400.0,59700.0,61400.0,16431645,Samsung
2025-03-27,60900.0,62000.0,60800.0,61800.0,20389790,Samsung
2025-03-28,60700.0,61100.0,60000.0,60200.0,16282514,Samsung
2025-03-31,59500.0,59700.0,57800.0,57800.0,17633494,Samsung
2025-04-01,58700.0,59600.0,57900.0,58800.0,13841706,Samsung
2025-04-02,58800.0,59400.0,58300.0,58800.0,14402297,Samsung
2025-04-03,56900.0,57800.0,56900.0,57600.0,19508076,Samsung
2025-04-04,56200.0,58200.0,55700.0,56100.0,23527139,Samsung
2025-04-07,53300.0,54100.0,53100.0,53200.0,31998883,Samsung
2025-04-08,55000.0,55300.0,53300.0,53500.0,25532845,Samsung
2025-04-09,53300.0,54300.0,52900.0,53000.0,20576960,Samsung
2025-04-10,56600.0,56700.0,55000.0,56400.0,22948172,Samsung
2025-04-11,55600.0,55700.0,54800.0,55200.0,13930480,Samsung
2025-04-14,56300.0,56700.0,55800.0,56200.0,12852613,Samsung
2025-04-15,56300.0,57100.0,56200.0,56600.0,8998640,Samsung
2025-04-16,56000.0,56200.0,54500.0,54700.0,14437025,Samsung
